TE0,TE1,TL0,TL1,TimeSyncsReceived,EmotiBitStartTime, EmotiBitEndTime, DataParserVersion
45803.000000,941610.000000,1700035305.007326,1700036222.051446,96,30343,960364,1.8.4