TE0,TE1,TL0,TL1,TimeSyncsReceived,EmotiBitStartTime, EmotiBitEndTime, DataParserVersion
216954.000000,733357.000000,1700520888.660923,1700521416.736133,95,35705,998213,1.8.4