TE0,TE1,TL0,TL1,TimeSyncsReceived,EmotiBitStartTime, EmotiBitEndTime, DataParserVersion
244459.000000,720917.000000,1689086704.490925,1689087192.069841,130,212700,888111,1.8.4