TE0,TE1,TL0,TL1,TimeSyncsReceived,EmotiBitStartTime, EmotiBitEndTime, DataParserVersion
1154047.000000,5984171.000000,1666619055.834718,1666623999.284982,1113,336563,6.09964e+06,1.5.10