TE0,TE1,TL0,TL1,TimeSyncsReceived,EmotiBitStartTime, EmotiBitEndTime, DataParserVersion
41182.000000,153670.000000,1669790676.038404,1669790791.202914,29,22652,586639,1.5.10