TE0,TE1,TL0,TL1,TimeSyncsReceived,EmotiBitStartTime, EmotiBitEndTime, DataParserVersion
42173.000000,139687.000000,1700426654.335003,1700426756.527622,8,33849,146407,1.8.4